feature_1,feature_2,feature_3,feature_4,feature_5
-1.7895317710266585,-0.16027612282957898,-1.9933409119961174,,-1.2058755779411503
1.286454544483551,,1.4151311593533007,2.2122122229558454,-1.2017365056539364
-1.0976701694247328,-0.3238827199623461,1.3933161222629364,0.882754856637226,-1.1823444111669943
1.758476476173885,0.554260840250479,,1.5951619916973845,0.849307542569316
1.3625533684806093,,-0.579187881265942,0.24565254832632674,-0.3393254782509053
,2.4761307443743776,-1.1142365583099756,0.439833638806598,-0.3013824983219282
0.950136083616283,0.21053563826949348,0.5294270411163341,0.5087199557672998,0.16879406453301415
-0.7285074792226053,0.4941392224513733,,0.12455835475717426,1.0671030235779742
-0.33424891905584053,1.4832480906964558,,0.6279913277044381,-0.79872063904027
-1.1660867456572825,-0.14948375715260068,0.857751178915617,0.24367338220078333,
-0.9441329790479189,0.13023965893449493,,0.3287149334651538,-0.3012449293269295
1.2925691034761035,-0.1399045719654082,-1.9919640941712435,-0.8626075477157842,-0.6268684431513505
1.3962732497496568,-1.8140343471716587,0.1040308260170746,-0.09084296289499147,1.1820122603310614
-1.2262489804899133,0.9202892789457897,-0.5544898124301599,-0.05938254113965397,-0.06459903365310907
-0.1082193718326412,-0.16174826438942808,0.5736382233230631,1.2695876229008922,0.8322272326994404
0.033131710169064854,,0.38510546193188755,-0.630226688591651,0.5364173441516795
-1.9650239037154855,-0.2601570453393387,-0.6004459901207424,0.6389938825798598,0.536869814663243
0.06209375461620569,,-0.1968916700624385,-2.349462583314681,0.43399730345184967
0.5832465130955683,-0.25793564821951,0.12751888530171754,0.6133393202046398,1.7293965524258101
0.7285376442690809,0.10199220547796516,-1.1021805617171996,-0.09336315192156565,-0.8959948106670468
-0.12897406476680381,-0.28263317334452015,-0.5040003265685541,-1.192104079558075,1.482979792861358
-1.1134604922347688,1.2977956951092469,,-0.30963669743343464,0.6036656702955924
-0.1251323890720453,-0.012101961940888237,0.8949854419908004,-0.6442071518251102,0.6346819083384224
1.1239560330637424,,-0.7884690484768426,0.6950046041245949,0.05207395110035338
-1.9241199651566563,2.0704944765616573,,0.5814676951928791,
-0.39237471182478173,1.2156618284370164,0.43818274516939343,-0.6161697626091682,0.1361805405072244
0.9268519327620541,-1.9306668850207644,0.7825152928749874,-1.00974447766282,1.027029250008291
0.40748875152917835,0.14148622696718058,-0.29088677965083215,-1.1487860605721794,0.6304699462642532
0.6689385183732689,1.2321318174112688,1.1414067677266078,1.6245484127422973,0.558942325928918
-0.37611562492945094,-0.9123853724237193,,0.23458196895402614,0.8295683879849047
-2.0128399939138637,0.32098538232474005,0.521978405171852,-0.006483998489273365,0.5674732561336226
-1.2284002822343338,2.0705144453354216,1.2599758018458884,-0.3363353586748035,-1.628545344503452
-1.079009853660399,0.6105101672659373,,0.3559175723955151,0.18771703419174188
,-0.7862305758112524,,-1.2207232967954504,-0.1369671811583262
-1.3707038714877011,-1.049643913987203,0.2566727996646953,0.044778849388057936,0.5670448317320675
-0.18122298117013746,-1.4124351336860927,-0.3283135846038407,0.40161302469870036,0.1880799933419538
0.7639646853579103,-0.3729437456520904,0.6931033788643878,0.6022452966340297,-2.380791902473942
0.5764853194398795,0.332139334618955,-0.545576034625174,-2.140053836452934,-0.20938924739405276
-1.7243251036225513,1.7237155098772354,,1.0606255513361347,1.1607245417176562
0.6535372579697991,1.3786652443285117,0.7128318868288775,-0.14191847783361755,0.9848193708050726
-1.1083523827814634,,0.5007888372122228,-0.08370048367377178,-1.140233619855384
-0.9057081596794285,-0.7908189905393614,0.36584718741995215,0.5174731223745354,1.192371826287624
-0.3357253549286014,1.1366844047569626,-0.3391503456502157,1.5568209992791548,-1.4255252307227522
0.7227547246349453,0.6599322804677457,0.12105883867710265,1.2372583884993582,0.2595354844873759
-0.12107319730439567,-0.3694890924091829,-1.5783165513229613,-0.8900444674911543,-0.9796413602602423
-0.8742607134569048,0.8173183673658359,0.45376326790593774,-0.054251834561764155,0.2961612876531648
,0.22143998247101776,0.022782408358047054,0.5942873462166807,0.5359154578440456
-1.3968802174796844,0.012033166885456855,0.31185530417195495,0.34823798508383896,0.9288412363152743
-0.49379536029239846,,,0.5806814557018407,-1.0373582101978382
1.4288546254425165,-1.182089897406129,0.1147478826821787,0.07793759318849476,-0.5464580915201828
,-0.6330400500291259,2.392629254685074,-0.46770634855099624,-2.3730121780065048
-0.31394081238862603,-0.2991364174486804,-0.8010991726549128,-1.0443682552493403,-0.4872746828143714
1.340530088370349,0.5027133060111401,-0.391632232313925,1.963369397538043,
,,-0.36691221867601714,-0.5528849331245275,-0.2968132418387167
0.764950134470082,1.1504814819713138,-1.3330039876107334,0.9263377722353935,-1.8103583671127046
-0.6682938570948358,0.28473207647736226,,-0.8822170065142444,0.429249319516412
,-0.6720946629179789,-0.8945443378144493,1.2108676992195242,0.7170424754951321
0.16880494985844907,-0.7997979562054351,1.0242390530436443,-0.009198383781320362,0.8948180422491863
0.011334574383919709,-1.7126509023573255,0.6296676507652955,1.1111170695247197,0.3652931772473708
,-2.0246475361205762,0.9114685223351743,-2.1997614351391985,
0.09710947831736139,-0.8211781809170273,0.1738817109284463,0.7154925936938437,1.2356747661658285
0.1258494046257529,0.041871051008370824,1.31142685656023,0.0473960906344018,-0.24113111369627235
-0.8838809989610461,0.6603074573477931,1.1279493863887378,-0.3766877289411888,0.20951035872872203
1.3836662091219567,0.15970787229461184,,0.6804127521811214,-0.043240094985909486
,0.6660894653700598,-0.0682715855340268,-0.21529288814279032,-0.041686107303827165
-0.21796093579252546,-0.5943943246683706,0.0651484274325762,-1.1809079095430517,0.744523080679167
1.3649829267617368,0.06039214665112478,-0.7209959976533247,0.7090366389871167,-1.7852420290475006
,-0.6552064116486751,-0.6113518391002597,0.5970264077039824,2.292555681056164
0.33577868274079903,-0.24446984463722496,0.5430165001583626,0.30505318659280395,0.05586180838392516
0.018023409181465822,-0.8239075484370314,0.5203226215905372,0.775332305424684,-0.28722695394762343
-0.7182161570220558,-0.08360676782787115,-0.3922449063303465,0.7255669528010147,-0.8016316907000791
-2.8657172066504213,-0.7872905529145929,0.7417625480331334,-1.6796852525966333,-0.11642898653737085
-0.8755200715703849,,-0.611751052350797,-0.07736076820650559,0.2532609707212765
0.7447904059140241,-0.618573860645206,,0.19938674001242704,-0.9020659075192613
-0.25016896501343755,-0.031306802468503495,2.3112028634739388,,-0.06470413148981262
-0.828475651525871,1.266636225016527,-0.6746584102637544,0.603086064037923,0.06183041784445962
0.5818068718333079,-0.8582555566936096,,-0.6034148918740722,-0.5612025601449228
0.4832577639624137,0.4582523186920856,-0.8623032922231585,0.1283866098518568,1.159597654910918
0.2894033846922324,-0.07219074606729563,,0.41204539102164117,1.2966708112413594
-0.11291508054405361,-0.8072856104448803,-0.6660656285427576,-1.6357377244655178,-0.8094150083440322
-0.4025980200884999,-1.3475424680989818,2.0197534507175217,-1.197172764763095,-0.5898891247757772
-1.4778005477957423,0.5721956698481401,0.01057645066983239,-0.2271842326329927,0.24860973180010068
-0.8962776819946431,-0.27847788150958885,1.0536126064679312,0.7093369794555244,-1.3088169537540257
-0.46842531999018894,0.7677110451560404,-1.408849760222484,-0.42473335832557213,-1.4613620978325361
0.3089083172989439,0.030901952105633266,-0.5979462792442501,-1.4800454536445025,
1.4479037300302753,0.6716473081176514,0.08692233359606913,1.445623123076788,-0.15000671624057668
-0.6444668473971983,-0.08606072507780568,-0.7165982025200522,-1.3361852395011378,-1.3869126210761713
,0.47033842654116287,-0.07905227420422246,,-1.8253484646702205
-0.34455114531103914,2.062337971395047,-0.7801488377243972,,-0.04149942275708882
,-0.6074060503446699,0.6948490771969872,,1.24122585528444
,-1.0030175073940861,0.9001336275898087,-1.4824148794280136,0.8889369016223271
0.7676078595651208,1.352266631066372,-0.10613842606794636,-1.1131390009376543,1.9139412464903982
-0.8759633609356794,0.5347736264157844,,-0.3703188764189115,1.3792278404102802
-1.0240566164113962,0.24604231025873394,-1.1950826298340462,-1.2567325109581227,1.8790041471456367
,0.33068966788388326,1.217323737736081,,0.5827126855205589
-1.8989363844393894,-0.5112677771036043,-2.0093969571790837,,-0.6120880576127712
-1.395339816792083,-0.7057213756711913,1.2106115799485138,-1.8242959942011228,-0.45911697372481064
0.11879175730626967,0.3731269650640672,,-0.878546527252272,
1.6166220599142649,-1.0620417355275764,-1.2277721587350048,-0.03240619440727598,1.7157800192478068
0.6077844580827382,0.36652615475309924,-0.9526729085142256,-0.8027769843353981,0.4180066517048924
